{
  "cv": {
    "logit": {
      "acc_mean": 0.8757142857142857,
      "acc_std": 0.022782616597915622,
      "auc_mean": 0.45467836257309935,
      "auc_std": 0.21769840957706632
    },
    "xgb": {
      "acc_mean": 0.8616666666666666,
      "acc_std": 0.049285714285714266,
      "auc_mean": 0.6167153996101364,
      "auc_std": 0.15470652654489145
    }
  },
  "test": {
    "logit": {
      "accuracy": 0.7777777777777778,
      "auroc": 0.7222222222222222,
      "auprc": 0.4365079365079365,
      "precision": 0.2857142857142857,
      "recall": 0.6666666666666666,
      "f1": 0.4,
      "brier": 0.09676964342359756,
      "threshold": 0.12991455282014425
    },
    "xgb": {
      "accuracy": 0.3333333333333333,
      "auroc": 0.5277777777777778,
      "auprc": 0.148109243697479,
      "precision": 0.14285714285714285,
      "recall": 1.0,
      "f1": 0.25,
      "brier": 0.14661143950510006,
      "threshold": 