{
  "logit": {
    "accuracy": 0.6866952789699571,
    "auroc": 0.6053680832441894,
    "auprc": 0.17530671428795588,
    "precision": 0.17921146953405018,
    "recall": 0.4424778761061947,
    "f1": 0.25510204081632654,
    "brier": 0.24758316504395675,
    "cm": [
      [
        590,
        229
      ],
      [
        63,
        50
      ]
    ]
  },
  "xgb": {
    "accuracy": 0.9935622317596566,
    "auroc": 0.9980118210206705,
    "auprc": 0.9916013333718239,
    "precision": 0.9908256880733946,
    "recall": 0.9557522123893806,
    "f1": 0.972972972972973,
    "brier": 0.00990696905236125,
    "cm": [
      [
        818,
        1
      ],
      [
        5,
        108
      ]
    ]
  }
}